时间戳,时间,分组ID,分组标签,无符号1_值,无符号1_十六进制,无符号2_值,无符号2_十六进制,无符号4_值,无符号4_十六进制,有符号1_值,有符号1_十六进制,有符号2_值,有符号2_十六进制,有符号4_值,有符号4_十六进制,浮点4_值,浮点4_十六进制,6字节_值,6字节_十六进制
1749189360681,"2025-06-06 13:56:00",1,"1","170","AA","65535","FFFF","4294967295","FFFFFFFF","-1","FF","-1","FFFF","-1","FFFFFFFF","0.00","28","11 11 11 11 11 11","NAN"
1749189361681,"2025-06-06 13:56:01",1,"1","170","AA","65535","FFFF","4294967295","FFFFFFFF","-1","FF","-1","FFFF","-1","FFFFFFFF","0.00","28","11 11 11 11 11 11","NAN"
1749189362681,"2025-06-06 13:56:02",1,"1","170","AA","65535","FFFF","4294967295","FFFFFFFF","-1","FF","-1","FFFF","-1","FFFFFFFF","0.00","28","11 11 11 11 11 11","NAN"
1749189363681,"2025-06-06 13:56:03",1,"1","170","AA","65535","FFFF","4294967295","FFFFFFFF","-1","FF","-1","FFFF","-1","FFFFFFFF","0.00","28","11 11 11 11 11 11","NAN"
1749189364681,"2025-06-06 13:56:04",1,"1","170","AA","65535","FFFF","4294967295","FFFFFFFF","-1","FF","-1","FFFF","-1","FFFFFFFF","0.00","28","11 11 11 11 11 11","NAN"
1749189365681,"2025-06-06 13:56:05",1,"1","170","AA","65535","FFFF","4294967295","FFFFFFFF","-1","FF","-1","FFFF","-1","FFFFFFFF","0.00","28","11 11 11 11 11 11","NAN"
1749189366685,"2025-06-06 13:56:06",1,"1","170","AA","65535","FFFF","4294967295","FFFFFFFF","-1","FF","-1","FFFF","-1","FFFFFFFF","0.00","28","11 11 11 11 11 11","NAN"
1749189367681,"2025-06-06 13:56:07",1,"1","170","AA","65535","FFFF","4294967295","FFFFFFFF","-1","FF","-1","FFFF","-1","FFFFFFFF","0.00","28","11 11 11 11 11 11","NAN"
1749189368685,"2025-06-06 13:56:08",1,"1","170","AA","65535","FFFF","4294967295","FFFFFFFF","-1","FF","-1","FFFF","-1","FFFFFFFF","0.00","28","11 11 11 11 11 11","NAN"
1749189369685,"2025-06-06 13:56:09",1,"1","170","AA","65535","FFFF","4294967295","FFFFFFFF","-1","FF","-1","FFFF","-1","FFFFFFFF","0.00","28","11 11 11 11 11 11","NAN"
1749189370683,"2025-06-06 13:56:10",1,"1","170","AA","65535","FFFF","4294967295","FFFFFFFF","-1","FF","-1","FFFF","-1","FFFFFFFF","0.00","28","11 11 11 11 11 11","NAN"
1749189371685,"2025-06-06 13:56:11",1,"1","170","AA","65535","FFFF","4294967295","FFFFFFFF","-1","FF","-1","FFFF","-1","FFFFFFFF","0.00","28","11 11 11 11 11 11","NAN"
1749189372685,"2025-06-06 13:56:12",1,"1","170","AA","65535","FFFF","4294967295","FFFFFFFF","-1","FF","-1","FFFF","-1","FFFFFFFF","0.00","28","11 11 11 11 11 11","NAN"
1749189373682,"2025-06-06 13:56:13",1,"1","170","AA","65535","FFFF","4294967295","FFFFFFFF","-1","FF","-1","FFFF","-1","FFFFFFFF","0.00","28","11 11 11 11 11 11","NAN"
1749189374687,"2025-06-06 13:56:14",1,"1","170","AA","65535","FFFF","4294967295","FFFFFFFF","-1","FF","-1","FFFF","-1","FFFFFFFF","0.00","28","11 11 11 11 11 11","NAN"
1749189375692,"2025-06-06 13:56:15",1,"1","170","AA","65535","FFFF","4294967295","FFFFFFFF","-1","FF","-1","FFFF","-1","FFFFFFFF","0.00","28","11 11 11 11 11 11","NAN"
1749189376681,"2025-06-06 13:56:16",1,"1","170","AA","65535","FFFF","4294967295","FFFFFFFF","-1","FF","-1","FFFF","-1","FFFFFFFF","0.00","28","11 11 11 11 11 11","NAN"
1749189377687,"2025-06-06 13:56:17",1,"1","170","AA","65535","FFFF","4294967295","FFFFFFFF","-1","FF","-1","FFFF","-1","FFFFFFFF","0.00","28","11 11 11 11 11 11","NAN"
1749189378684,"2025-06-06 13:56:18",1,"1","170","AA","65535","FFFF","4294967295","FFFFFFFF","-1","FF","-1","FFFF","-1","FFFFFFFF","0.00","28","11 11 11 11 11 11","NAN"
1749189379691,"2025-06-06 13:56:19",1,"1","170","AA","65535","FFFF","4294967295","FFFFFFFF","-1","FF","-1","FFFF","-1","FFFFFFFF","0.00","28","11 11 11 11 11 11","NAN"
1749189380691,"2025-06-06 13:56:20",1,"1","170","AA","65535","FFFF","4294967295","FFFFFFFF","-1","FF","-1","FFFF","-1","FFFFFFFF","0.00","28","11 11 11 11 11 11","NAN"
1749189381688,"2025-06-06 13:56:21",1,"1","170","AA","65535","FFFF","4294967295","FFFFFFFF","-1","FF","-1","FFFF","-1","FFFFFFFF","0.00","28","11 11 11 11 11 11","NAN"
1749189382686,"2025-06-06 13:56:22",1,"1","170","AA","65535","FFFF","4294967295","FFFFFFFF","-1","FF","-1","FFFF","-1","FFFFFFFF","0.00","28","11 11 11 11 11 11","NAN"
1749189383681,"2025-06-06 13:56:23",1,"1","170","AA","65535","FFFF","4294967295","FFFFFFFF","-1","FF","-1","FFFF","-1","FFFFFFFF","0.00","28","11 11 11 11 11 11","NAN"
1749189384688,"2025-06-06 13:56:24",1,"1","170","AA","65535","FFFF","4294967295","FFFFFFFF","-1","FF","-1","FFFF","-1","FFFFFFFF","0.00","28","11 11 11 11 11 11","NAN"
1749189385683,"2025-06-06 13:56:25",1,"1","170","AA","65535","FFFF","4294967295","FFFFFFFF","-1","FF","-1","FFFF","-1","FFFFFFFF","0.00","28","11 11 11 11 11 11","NAN"
1749189386691,"2025-06-06 13:56:26",1,"1","170","AA","65535","FFFF","4294967295","FFFFFFFF","-1","FF","-1","FFFF","-1","FFFFFFFF","0.00","28","11 11 11 11 11 11","NAN"
1749189387682,"2025-06-06 13:56:27",1,"1","170","AA","65535","FFFF","4294967295","FFFFFFFF","-1","FF","-1","FFFF","-1","FFFFFFFF","0.00","28","11 11 11 11 11 11","NAN"
1749189388691,"2025-06-06 13:56:28",1,"1","170","AA","65535","FFFF","4294967295","FFFFFFFF","-1","FF","-1","FFFF","-1","FFFFFFFF","0.00","28","11 11 11 11 11 11","NAN"
1749189389683,"2025-06-06 13:56:29",1,"1","170","AA","65535","FFFF","4294967295","FFFFFFFF","-1","FF","-1","FFFF","-1","FFFFFFFF","0.00","28","11 11 11 11 11 11","NAN"
1749189390684,"2025-06-06 13:56:30",1,"1","170","AA","65535","FFFF","4294967295","FFFFFFFF","-1","FF","-1","FFFF","-1","FFFFFFFF","0.00","28","11 11 11 11 11 11","NAN"
1749189391687,"2025-06-06 13:56:31",1,"1","170","AA","65535","FFFF","4294967295","FFFFFFFF","-1","FF","-1","FFFF","-1","FFFFFFFF","0.00","28","11 11 11 11 11 11","NAN"
1749189392693,"2025-06-06 13:56:32",1,"1","170","AA","65535","FFFF","4294967295","FFFFFFFF","-1","FF","-1","FFFF","-1","FFFFFFFF","0.00","28","11 11 11 11 11 11","NAN"
1749189393687,"2025-06-06 13:56:33",1,"1","170","AA","65535","FFFF","4294967295","FFFFFFFF","-1","FF","-1","FFFF","-1","FFFFFFFF","0.00","28","11 11 11 11 11 11","NAN"
1749189394691,"2025-06-06 13:56:34",1,"1","170","AA","65535","FFFF","4294967295","FFFFFFFF","-1","FF","-1","FFFF","-1","FFFFFFFF","0.00","28","11 11 11 11 11 11","NAN"
1749189395693,"2025-06-06 13:56:35",1,"1","170","AA","65535","FFFF","4294967295","FFFFFFFF","-1","FF","-1","FFFF","-1","FFFFFFFF","0.00","28","11 11 11 11 11 11","NAN"
1749189396685,"2025-06-06 13:56:36",1,"1","170","AA","65535","FFFF","4294967295","FFFFFFFF","-1","FF","-1","FFFF","-1","FFFFFFFF","0.00","28","11 11 11 11 11 11","NAN"
1749189397689,"2025-06-06 13:56:37",1,"1","170","AA","65535","FFFF","4294967295","FFFFFFFF","-1","FF","-1","FFFF","-1","FFFFFFFF","0.00","28","11 11 11 11 11 11","NAN"
1749189398691,"2025-06-06 13:56:38",1,"1","170","AA","65535","FFFF","4294967295","FFFFFFFF","-1","FF","-1","FFFF","-1","FFFFFFFF","0.00","28","11 11 11 11 11 11","NAN"
1749189399682,"2025-06-06 13:56:39",1,"1","170","AA","65535","FFFF","4294967295","FFFFFFFF","-1","FF","-1","FFFF","-1","FFFFFFFF","0.00","28","11 11 11 11 11 11","NAN"
1749189400684,"2025-06-06 13:56:40",1,"1","170","AA","65535","FFFF","4294967295","FFFFFFFF","-1","FF","-1","FFFF","-1","FFFFFFFF","0.00","28","11 11 11 11 11 11","NAN"
1749189401681,"2025-06-06 13:56:41",1,"1","170","AA","65535","FFFF","4294967295","FFFFFFFF","-1","FF","-1","FFFF","-1","FFFFFFFF","0.00","28","11 11 11 11 11 11","NAN"
1749189402694,"2025-06-06 13:56:42",1,"1","170","AA","65535","FFFF","4294967295","FFFFFFFF","-1","FF","-1","FFFF","-1","FFFFFFFF","0.00","28","11 11 11 11 11 11","NAN"
1749189403687,"2025-06-06 13:56:43",1,"1","170","AA","65535","FFFF","4294967295","FFFFFFFF","-1","FF","-1","FFFF","-1","FFFFFFFF","0.00","28","11 11 11 11 11 11","NAN"
1749189404686,"2025-06-06 13:56:44",1,"1","170","AA","65535","FFFF","4294967295","FFFFFFFF","-1","FF","-1","FFFF","-1","FFFFFFFF","0.00","28","11 11 11 11 11 11","NAN"
1749189405683,"2025-06-06 13:56:45",1,"1","170","AA","65535","FFFF","4294967295","FFFFFFFF","-1","FF","-1","FFFF","-1","FFFFFFFF","0.00","28","11 11 11 11 11 11","NAN"
1749189406681,"2025-06-06 13:56:46",1,"1","170","AA","65535","FFFF","4294967295","FFFFFFFF","-1","FF","-1","FFFF","-1","FFFFFFFF","0.00","28","11 11 11 11 11 11","NAN"
1749189408000,"2025-06-06 13:56:48",1,"1","170","AA","65535","FFFF","4294967295","FFFFFFFF","-1","FF","-1","FFFF","-1","FFFFFFFF","0.00","28","11 11 11 11 11 11","NAN"
1749189408681,"2025-06-06 13:56:48",1,"1","170","AA","65535","FFFF","4294967295","FFFFFFFF","-1","FF","-1","FFFF","-1","FFFFFFFF","0.00","28","11 11 11 11 11 11","NAN"
1749189409849,"2025-06-06 13:56:49",1,"1","170","AA","65535","FFFF","4294967295","FFFFFFFF","-1","FF","-1","FFFF","-1","FFFFFFFF","0.00","28","11 11 11 11 11 11","NAN"
1749189410681,"2025-06-06 13:56:50",1,"1","170","AA","65535","FFFF","4294967295","FFFFFFFF","-1","FF","-1","FFFF","-1","FFFFFFFF","0.00","28","11 11 11 11 11 11","NAN"
1749189411681,"2025-06-06 13:56:51",1,"1","170","AA","65535","FFFF","4294967295","FFFFFFFF","-1","FF","-1","FFFF","-1","FFFFFFFF","0.00","28","11 11 11 11 11 11","NAN"
1749189412681,"2025-06-06 13:56:52",1,"1","170","AA","65535","FFFF","4294967295","FFFFFFFF","-1","FF","-1","FFFF","-1","FFFFFFFF","0.00","28","11 11 11 11 11 11","NAN"
1749189414028,"2025-06-06 13:56:54",1,"1","170","AA","65535","FFFF","4294967295","FFFFFFFF","-1","FF","-1","FFFF","-1","FFFFFFFF","0.00","28","11 11 11 11 11 11","NAN"
1749189414680,"2025-06-06 13:56:54",1,"1","170","AA","65535","FFFF","4294967295","FFFFFFFF","-1","FF","-1","FFFF","-1","FFFFFFFF","0.00","28","11 11 11 11 11 11","NAN"
1749189415681,"2025-06-06 13:56:55",1,"1","170","AA","65535","FFFF","4294967295","FFFFFFFF","-1","FF","-1","FFFF","-1","FFFFFFFF","0.00","28","11 11 11 11 11 11","NAN"
1749189416681,"2025-06-06 13:56:56",1,"1","170","AA","65535","FFFF","4294967295","FFFFFFFF","-1","FF","-1","FFFF","-1","FFFFFFFF","0.00","28","11 11 11 11 11 11","NAN"
1749189417696,"2025-06-06 13:56:57",1,"1","170","AA","65535","FFFF","4294967295","FFFFFFFF","-1","FF","-1","FFFF","-1","FFFFFFFF","0.00","28","11 11 11 11 11 11","NAN"
1749189418681,"2025-06-06 13:56:58",1,"1","170","AA","65535","FFFF","4294967295","FFFFFFFF","-1","FF","-1","FFFF","-1","FFFFFFFF","0.00","28","11 11 11 11 11 11","NAN"
1749189419681,"2025-06-06 13:56:59",1,"1","170","AA","65535","FFFF","4294967295","FFFFFFFF","-1","FF","-1","FFFF","-1","FFFFFFFF","0.00","28","11 11 11 11 11 11","NAN"
1749189420683,"2025-06-06 13:57:00",1,"1","170","AA","65535","FFFF","4294967295","FFFFFFFF","-1","FF","-1","FFFF","-1","FFFFFFFF","0.00","28","11 11 11 11 11 11","NAN"
1749189421681,"2025-06-06 13:57:01",1,"1","170","AA","65535","FFFF","4294967295","FFFFFFFF","-1","FF","-1","FFFF","-1","FFFFFFFF","0.00","28","11 11 11 11 11 11","NAN"
1749189422681,"2025-06-06 13:57:02",1,"1","170","AA","65535","FFFF","4294967295","FFFFFFFF","-1","FF","-1","FFFF","-1","FFFFFFFF","0.00","28","11 11 11 11 11 11","NAN"
1749189423681,"2025-06-06 13:57:03",1,"1","170","AA","65535","FFFF","4294967295","FFFFFFFF","-1","FF","-1","FFFF","-1","FFFFFFFF","0.00","28","11 11 11 11 11 11","NAN"
1749189424681,"2025-06-06 13:57:04",1,"1","170","AA","65535","FFFF","4294967295","FFFFFFFF","-1","FF","-1","FFFF","-1","FFFFFFFF","0.00","28","11 11 11 11 11 11","NAN"
1749189425681,"2025-06-06 13:57:05",1,"1","170","AA","65535","FFFF","4294967295","FFFFFFFF","-1","FF","-1","FFFF","-1","FFFFFFFF","0.00","28","11 11 11 11 11 11","NAN"
1749189426681,"2025-06-06 13:57:06",1,"1","170","AA","65535","FFFF","4294967295","FFFFFFFF","-1","FF","-1","FFFF","-1","FFFFFFFF","0.00","28","11 11 11 11 11 11","NAN"
1749189427681,"2025-06-06 13:57:07",1,"1","170","AA","65535","FFFF","4294967295","FFFFFFFF","-1","FF","-1","FFFF","-1","FFFFFFFF","0.00","28","11 11 11 11 11 11","NAN"
1749189428681,"2025-06-06 13:57:08",1,"1","170","AA","65535","FFFF","4294967295","FFFFFFFF","-1","FF","-1","FFFF","-1","FFFFFFFF","0.00","28","11 11 11 11 11 11","NAN"
1749189429687,"2025-06-06 13:57:09",1,"1","170","AA","65535","FFFF","4294967295","FFFFFFFF","-1","FF","-1","FFFF","-1","FFFFFFFF","0.00","28","11 11 11 11 11 11","NAN"
1749189430681,"2025-06-06 13:57:10",1,"1","170","AA","65535","FFFF","4294967295","FFFFFFFF","-1","FF","-1","FFFF","-1","FFFFFFFF","0.00","28","11 11 11 11 11 11","NAN"
1749189431684,"2025-06-06 13:57:11",1,"1","170","AA","65535","FFFF","4294967295","FFFFFFFF","-1","FF","-1","FFFF","-1","FFFFFFFF","0.00","28","11 11 11 11 11 11","NAN"
1749189432681,"2025-06-06 13:57:12",1,"1","170","AA","65535","FFFF","4294967295","FFFFFFFF","-1","FF","-1","FFFF","-1","FFFFFFFF","0.00","28","11 11 11 11 11 11","NAN"
1749189433681,"2025-06-06 13:57:13",1,"1","170","AA","65535","FFFF","4294967295","FFFFFFFF","-1","FF","-1","FFFF","-1","FFFFFFFF","0.00","28","11 11 11 11 11 11","NAN"
1749189434681,"2025-06-06 13:57:14",1,"1","170","AA","65535","FFFF","4294967295","FFFFFFFF","-1","FF","-1","FFFF","-1","FFFFFFFF","0.00","28","11 11 11 11 11 11","NAN"
1749189435681,"2025-06-06 13:57:15",1,"1","170","AA","65535","FFFF","4294967295","FFFFFFFF","-1","FF","-1","FFFF","-1","FFFFFFFF","0.00","28","11 11 11 11 11 11","NAN"
1749189436681,"2025-06-06 13:57:16",1,"1","170","AA","65535","FFFF","4294967295","FFFFFFFF","-1","FF","-1","FFFF","-1","FFFFFFFF","0.00","28","11 11 11 11 11 11","NAN"
1749189437681,"2025-06-06 13:57:17",1,"1","170","AA","65535","FFFF","4294967295","FFFFFFFF","-1","FF","-1","FFFF","-1","FFFFFFFF","0.00","28","11 11 11 11 11 11","NAN"
1749189438681,"2025-06-06 13:57:18",1,"1","170","AA","65535","FFFF","4294967295","FFFFFFFF","-1","FF","-1","FFFF","-1","FFFFFFFF","0.00","28","11 11 11 11 11 11","NAN"
1749189439681,"2025-06-06 13:57:19",1,"1","170","AA","65535","FFFF","4294967295","FFFFFFFF","-1","FF","-1","FFFF","-1","FFFFFFFF","0.00","28","11 11 11 11 11 11","NAN"
1749189440681,"2025-06-06 13:57:20",1,"1","170","AA","65535","FFFF","4294967295","FFFFFFFF","-1","FF","-1","FFFF","-1","FFFFFFFF","0.00","28","11 11 11 11 11 11","NAN"
1749189441694,"2025-06-06 13:57:21",1,"1","170","AA","65535","FFFF","4294967295","FFFFFFFF","-1","FF","-1","FFFF","-1","FFFFFFFF","0.00","28","11 11 11 11 11 11","NAN"
1749189442681,"2025-06-06 13:57:22",1,"1","170","AA","65535","FFFF","4294967295","FFFFFFFF","-1","FF","-1","FFFF","-1","FFFFFFFF","0.00","28","11 11 11 11 11 11","NAN"
1749189443681,"2025-06-06 13:57:23",1,"1","170","AA","65535","FFFF","4294967295","FFFFFFFF","-1","FF","-1","FFFF","-1","FFFFFFFF","0.00","28","11 11 11 11 11 11","NAN"
1749189444687,"2025-06-06 13:57:24",1,"1","170","AA","65535","FFFF","4294967295","FFFFFFFF","-1","FF","-1","FFFF","-1","FFFFFFFF","0.00","28","11 11 11 11 11 11","NAN"
1749189445695,"2025-06-06 13:57:25",1,"1","170","AA","65535","FFFF","4294967295","FFFFFFFF","-1","FF","-1","FFFF","-1","FFFFFFFF","0.00","28","11 11 11 11 11 11","NAN"
1749189446687,"2025-06-06 13:57:26",1,"1","170","AA","65535","FFFF","4294967295","FFFFFFFF","-1","FF","-1","FFFF","-1","FFFFFFFF","0.00","28","11 11 11 11 11 11","NAN"
1749189448550,"2025-06-06 13:57:28",1,"1","170","AA","65535","FFFF","4294967295","FFFFFFFF","-1","FF","-1","FFFF","-1","FFFFFFFF","0.00","28","11 11 11 11 11 11","NAN"
1749189449547,"2025-06-06 13:57:29",1,"1","170","AA","65535","FFFF","4294967295","FFFFFFFF","-1","FF","-1","FFFF","-1","FFFFFFFF","0.00","28","11 11 11 11 11 11","NAN"
1749189450548,"2025-06-06 13:57:30",1,"1","170","AA","65535","FFFF","4294967295","FFFFFFFF","-1","FF","-1","FFFF","-1","FFFFFFFF","0.00","28","11 11 11 11 11 11","NAN"
1749189451555,"2025-06-06 13:57:31",1,"1","170","AA","65535","FFFF","4294967295","FFFFFFFF","-1","FF","-1","FFFF","-1","FFFFFFFF","0.00","28","11 11 11 11 11 11","NAN"
1749189452549,"2025-06-06 13:57:32",1,"1","170","AA","65535","FFFF","4294967295","FFFFFFFF","-1","FF","-1","FFFF","-1","FFFFFFFF","0.00","28","11 11 11 11 11 11","NAN"
1749189453547,"2025-06-06 13:57:33",1,"1","170","AA","65535","FFFF","4294967295","FFFFFFFF","-1","FF","-1","FFFF","-1","FFFFFFFF","0.00","28","11 11 11 11 11 11","NAN"
1749189454547,"2025-06-06 13:57:34",1,"1","170","AA","65535","FFFF","4294967295","FFFFFFFF","-1","FF","-1","FFFF","-1","FFFFFFFF","0.00","28","11 11 11 11 11 11","NAN"
1749189455543,"2025-06-06 13:57:35",1,"1","170","AA","65535","FFFF","4294967295","FFFFFFFF","-1","FF","-1","FFFF","-1","FFFFFFFF","0.00","28","11 11 11 11 11 11","NAN"
1749189456555,"2025-06-06 13:57:36",1,"1","170","AA","65535","FFFF","4294967295","FFFFFFFF","-1","FF","-1","FFFF","-1","FFFFFFFF","0.00","28","11 11 11 11 11 11","NAN"
1749189457544,"2025-06-06 13:57:37",1,"1","170","AA","65535","FFFF","4294967295","FFFFFFFF","-1","FF","-1","FFFF","-1","FFFFFFFF","0.00","28","11 11 11 11 11 11","NAN"
1749189458553,"2025-06-06 13:57:38",1,"1","170","AA","65535","FFFF","4294967295","FFFFFFFF","-1","FF","-1","FFFF","-1","FFFFFFFF","0.00","28","11 11 11 11 11 11","NAN"
1749189459557,"2025-06-06 13:57:39",1,"1","170","AA","65535","FFFF","4294967295","FFFFFFFF","-1","FF","-1","FFFF","-1","FFFFFFFF","0.00","28","11 11 11 11 11 11","NAN"
1749189460556,"2025-06-06 13:57:40",1,"1","170","AA","65535","FFFF","4294967295","FFFFFFFF","-1","FF","-1","FFFF","-1","FFFFFFFF","0.00","28","11 11 11 11 11 11","NAN"
1749189461554,"2025-06-06 13:57:41",1,"1","170","AA","65535","FFFF","4294967295","FFFFFFFF","-1","FF","-1","FFFF","-1","FFFFFFFF","0.00","28","11 11 11 11 11 11","NAN"
1749189462552,"2025-06-06 13:57:42",1,"1","170","AA","65535","FFFF","4294967295","FFFFFFFF","-1","FF","-1","FFFF","-1","FFFFFFFF","0.00","28","11 11 11 11 11 11","NAN"
1749189463547,"2025-06-06 13:57:43",1,"1","170","AA","65535","FFFF","4294967295","FFFFFFFF","-1","FF","-1","FFFF","-1","FFFFFFFF","0.00","28","11 11 11 11 11 11","NAN"
1749189464549,"2025-06-06 13:57:44",1,"1","170","AA","65535","FFFF","4294967295","FFFFFFFF","-1","FF","-1","FFFF","-1","FFFFFFFF","0.00","28","11 11 11 11 11 11","NAN"
1749189465543,"2025-06-06 13:57:45",1,"1","170","AA","65535","FFFF","4294967295","FFFFFFFF","-1","FF","-1","FFFF","-1","FFFFFFFF","0.00","28","11 11 11 11 11 11","NAN"
1749189466556,"2025-06-06 13:57:46",1,"1","170","AA","65535","FFFF","4294967295","FFFFFFFF","-1","FF","-1","FFFF","-1","FFFFFFFF","0.00","28","11 11 11 11 11 11","NAN"
1749189467542,"2025-06-06 13:57:47",1,"1","170","AA","65535","FFFF","4294967295","FFFFFFFF","-1","FF","-1","FFFF","-1","FFFFFFFF","0.00","28","11 11 11 11 11 11","NAN"
1749189468557,"2025-06-06 13:57:48",1,"1","170","AA","65535","FFFF","4294967295","FFFFFFFF","-1","FF","-1","FFFF","-1","FFFFFFFF","0.00","28","11 11 11 11 11 11","NAN"
1749189469549,"2025-06-06 13:57:49",1,"1","170","AA","65535","FFFF","4294967295","FFFFFFFF","-1","FF","-1","FFFF","-1","FFFFFFFF","0.00","28","11 11 11 11 11 11","NAN"
1749189470551,"2025-06-06 13:57:50",1,"1","170","AA","65535","FFFF","4294967295","FFFFFFFF","-1","FF","-1","FFFF","-1","FFFFFFFF","0.00","28","11 11 11 11 11 11","NAN"
1749189471553,"2025-06-06 13:57:51",1,"1","170","AA","65535","FFFF","4294967295","FFFFFFFF","-1","FF","-1","FFFF","-1","FFFFFFFF","0.00","28","11 11 11 11 11 11","NAN"
1749189472556,"2025-06-06 13:57:52",1,"1","170","AA","65535","FFFF","4294967295","FFFFFFFF","-1","FF","-1","FFFF","-1","FFFFFFFF","0.00","28","11 11 11 11 11 11","NAN"
1749189473554,"2025-06-06 13:57:53",1,"1","170","AA","65535","FFFF","4294967295","FFFFFFFF","-1","FF","-1","FFFF","-1","FFFFFFFF","0.00","28","11 11 11 11 11 11","NAN"
1749189474557,"2025-06-06 13:57:54",1,"1","170","AA","65535","FFFF","4294967295","FFFFFFFF","-1","FF","-1","FFFF","-1","FFFFFFFF","0.00","28","11 11 11 11 11 11","NAN"
1749189475548,"2025-06-06 13:57:55",1,"1","170","AA","65535","FFFF","4294967295","FFFFFFFF","-1","FF","-1","FFFF","-1","FFFFFFFF","0.00","28","11 11 11 11 11 11","NAN"
1749189476548,"2025-06-06 13:57:56",1,"1","170","AA","65535","FFFF","4294967295","FFFFFFFF","-1","FF","-1","FFFF","-1","FFFFFFFF","0.00","28","11 11 11 11 11 11","NAN"
1749189477544,"2025-06-06 13:57:57",1,"1","170","AA","65535","FFFF","4294967295","FFFFFFFF","-1","FF","-1","FFFF","-1","FFFFFFFF","0.00","28","11 11 11 11 11 11","NAN"
1749189478556,"2025-06-06 13:57:58",1,"1","170","AA","65535","FFFF","4294967295","FFFFFFFF","-1","FF","-1","FFFF","-1","FFFFFFFF","0.00","28","11 11 11 11 11 11","NAN"
1749189479544,"2025-06-06 13:57:59",1,"1","170","AA","65535","FFFF","4294967295","FFFFFFFF","-1","FF","-1","FFFF","-1","FFFFFFFF","0.00","28","11 11 11 11 11 11","NAN"
1749189480554,"2025-06-06 13:58:00",1,"1","170","AA","65535","FFFF","4294967295","FFFFFFFF","-1","FF","-1","FFFF","-1","FFFFFFFF","0.00","28","11 11 11 11 11 11","NAN"
1749189481549,"2025-06-06 13:58:01",1,"1","170","AA","65535","FFFF","4294967295","FFFFFFFF","-1","FF","-1","FFFF","-1","FFFFFFFF","0.00","28","11 11 11 11 11 11","NAN"
1749189481745,"2025-06-06 13:58:01",1,"1","170","AA","65535","FFFF","4294967295","FFFFFFFF","-1","FF","-1","FFFF","-1","FFFFFFFF","0.00","28","11 11 11 11 11 11","NAN"
1749189482686,"2025-06-06 13:58:02",1,"1","170","AA","65535","FFFF","4294967295","FFFFFFFF","-1","FF","-1","FFFF","-1","FFFFFFFF","0.00","28","11 11 11 11 11 11","NAN"
1749189483682,"2025-06-06 13:58:03",1,"1","170","AA","65535","FFFF","4294967295","FFFFFFFF","-1","FF","-1","FFFF","-1","FFFFFFFF","0.00","28","11 11 11 11 11 11","NAN"
1749189484682,"2025-06-06 13:58:04",1,"1","170","AA","65535","FFFF","4294967295","FFFFFFFF","-1","FF","-1","FFFF","-1","FFFFFFFF","0.00","28","11 11 11 11 11 11","NAN"
1749189485682,"2025-06-06 13:58:05",1,"1","170","AA","65535","FFFF","4294967295","FFFFFFFF","-1","FF","-1","FFFF","-1","FFFFFFFF","0.00","28","11 11 11 11 11 11","NAN"
1749189486695,"2025-06-06 13:58:06",1,"1","170","AA","65535","FFFF","4294967295","FFFFFFFF","-1","FF","-1","FFFF","-1","FFFFFFFF","0.00","28","11 11 11 11 11 11","NAN"
1749189487680,"2025-06-06 13:58:07",1,"1","170","AA","65535","FFFF","4294967295","FFFFFFFF","-1","FF","-1","FFFF","-1","FFFFFFFF","0.00","28","11 11 11 11 11 11","NAN"
1749189488682,"2025-06-06 13:58:08",1,"1","170","AA","65535","FFFF","4294967295","FFFFFFFF","-1","FF","-1","FFFF","-1","FFFFFFFF","0.00","28","11 11 11 11 11 11","NAN"
1749189489685,"2025-06-06 13:58:09",1,"1","170","AA","65535","FFFF","4294967295","FFFFFFFF","-1","FF","-1","FFFF","-1","FFFFFFFF","0.00","28","11 11 11 11 11 11","NAN"
1749189490682,"2025-06-06 13:58:10",1,"1","170","AA","65535","FFFF","4294967295","FFFFFFFF","-1","FF","-1","FFFF","-1","FFFFFFFF","0.00","28","11 11 11 11 11 11","NAN"
1749189491682,"2025-06-06 13:58:11",1,"1","170","AA","65535","FFFF","4294967295","FFFFFFFF","-1","FF","-1","FFFF","-1","FFFFFFFF","0.00","28","11 11 11 11 11 11","NAN"
1749189492682,"2025-06-06 13:58:12",1,"1","170","AA","65535","FFFF","4294967295","FFFFFFFF","-1","FF","-1","FFFF","-1","FFFFFFFF","0.00","28","11 11 11 11 11 11","NAN"
1749189493682,"2025-06-06 13:58:13",1,"1","170","AA","65535","FFFF","4294967295","FFFFFFFF","-1","FF","-1","FFFF","-1","FFFFFFFF","0.00","28","11 11 11 11 11 11","NAN"
1749189494682,"2025-06-06 13:58:14",1,"1","170","AA","65535","FFFF","4294967295","FFFFFFFF","-1","FF","-1","FFFF","-1","FFFFFFFF","0.00","28","11 11 11 11 11 11","NAN"
1749189495682,"2025-06-06 13:58:15",1,"1","170","AA","65535","FFFF","4294967295","FFFFFFFF","-1","FF","-1","FFFF","-1","FFFFFFFF","0.00","28","11 11 11 11 11 11","NAN"
1749189496682,"2025-06-06 13:58:16",1,"1","170","AA","65535","FFFF","4294967295","FFFFFFFF","-1","FF","-1","FFFF","-1","FFFFFFFF","0.00","28","11 11 11 11 11 11","NAN"
1749189497696,"2025-06-06 13:58:17",1,"1","170","AA","65535","FFFF","4294967295","FFFFFFFF","-1","FF","-1","FFFF","-1","FFFFFFFF","0.00","28","11 11 11 11 11 11","NAN"
1749189498682,"2025-06-06 13:58:18",1,"1","170","AA","65535","FFFF","4294967295","FFFFFFFF","-1","FF","-1","FFFF","-1","FFFFFFFF","0.00","28","11 11 11 11 11 11","NAN"
1749189499683,"2025-06-06 13:58:19",1,"1","170","AA","65535","FFFF","4294967295","FFFFFFFF","-1","FF","-1","FFFF","-1","FFFFFFFF","0.00","28","11 11 11 11 11 11","NAN"
1749189500682,"2025-06-06 13:58:20",1,"1","170","AA","65535","FFFF","4294967295","FFFFFFFF","-1","FF","-1","FFFF","-1","FFFFFFFF","0.00","28","11 11 11 11 11 11","NAN"
1749189501694,"2025-06-06 13:58:21",1,"1","170","AA","65535","FFFF","4294967295","FFFFFFFF","-1","FF","-1","FFFF","-1","FFFFFFFF","0.00","28","11 11 11 11 11 11","NAN"
1749189502683,"2025-06-06 13:58:22",1,"1","170","AA","65535","FFFF","4294967295","FFFFFFFF","-1","FF","-1","FFFF","-1","FFFFFFFF","0.00","28","11 11 11 11 11 11","NAN"
1749189503688,"2025-06-06 13:58:23",1,"1","170","AA","65535","FFFF","4294967295","FFFFFFFF","-1","FF","-1","FFFF","-1","FFFFFFFF","0.00","28","11 11 11 11 11 11","NAN"
1749189504682,"2025-06-06 13:58:24",1,"1","170","AA","65535","FFFF","4294967295","FFFFFFFF","-1","FF","-1","FFFF","-1","FFFFFFFF","0.00","28","11 11 11 11 11 11","NAN"
1749189505682,"2025-06-06 13:58:25",1,"1","170","AA","65535","FFFF","4294967295","FFFFFFFF","-1","FF","-1","FFFF","-1","FFFFFFFF","0.00","28","11 11 11 11 11 11","NAN"
1749189506683,"2025-06-06 13:58:26",1,"1","170","AA","65535","FFFF","4294967295","FFFFFFFF","-1","FF","-1","FFFF","-1","FFFFFFFF","0.00","28","11 11 11 11 11 11","NAN"
1749189507691,"2025-06-06 13:58:27",1,"1","170","AA","65535","FFFF","4294967295","FFFFFFFF","-1","FF","-1","FFFF","-1","FFFFFFFF","0.00","28","11 11 11 11 11 11","NAN"
1749189508682,"2025-06-06 13:58:28",1,"1","170","AA","65535","FFFF","4294967295","FFFFFFFF","-1","FF","-1","FFFF","-1","FFFFFFFF","0.00","28","11 11 11 11 11 11","NAN"
1749189509684,"2025-06-06 13:58:29",1,"1","170","AA","65535","FFFF","4294967295","FFFFFFFF","-1","FF","-1","FFFF","-1","FFFFFFFF","0.00","28","11 11 11 11 11 11","NAN"
1749189510682,"2025-06-06 13:58:30",1,"1","170","AA","65535","FFFF","4294967295","FFFFFFFF","-1","FF","-1","FFFF","-1","FFFFFFFF","0.00","28","11 11 11 11 11 11","NAN"
1749189511681,"2025-06-06 13:58:31",1,"1","170","AA","65535","FFFF","4294967295","FFFFFFFF","-1","FF","-1","FFFF","-1","FFFFFFFF","0.00","28","11 11 11 11 11 11","NAN"
1749189512682,"2025-06-06 13:58:32",1,"1","170","AA","65535","FFFF","4294967295","FFFFFFFF","-1","FF","-1","FFFF","-1","FFFFFFFF","0.00","28","11 11 11 11 11 11","NAN"
1749189513688,"2025-06-06 13:58:33",1,"1","170","AA","65535","FFFF","4294967295","FFFFFFFF","-1","FF","-1","FFFF","-1","FFFFFFFF","0.00","28","11 11 11 11 11 11","NAN"
1749189514683,"2025-06-06 13:58:34",1,"1","170","AA","65535","FFFF","4294967295","FFFFFFFF","-1","FF","-1","FFFF","-1","FFFFFFFF","0.00","28","11 11 11 11 11 11","NAN"
1749189515690,"2025-06-06 13:58:35",1,"1","170","AA","65535","FFFF","4294967295","FFFFFFFF","-1","FF","-1","FFFF","-1","FFFFFFFF","0.00","28","11 11 11 11 11 11","NAN"
1749189516685,"2025-06-06 13:58:36",1,"1","170","AA","65535","FFFF","4294967295","FFFFFFFF","-1","FF","-1","FFFF","-1","FFFFFFFF","0.00","28","11 11 11 11 11 11","NAN"
1749189517682,"2025-06-06 13:58:37",1,"1","170","AA","65535","FFFF","4294967295","FFFFFFFF","-1","FF","-1","FFFF","-1","FFFFFFFF","0.00","28","11 11 11 11 11 11","NAN"
1749189518686,"2025-06-06 13:58:38",1,"1","170","AA","65535","FFFF","4294967295","FFFFFFFF","-1","FF","-1","FFFF","-1","FFFFFFFF","0.00","28","11 11 11 11 11 11","NAN"
1749189519682,"2025-06-06 13:58:39",1,"1","170","AA","65535","FFFF","4294967295","FFFFFFFF","-1","FF","-1","FFFF","-1","FFFFFFFF","0.00","28","11 11 11 11 11 11","NAN"
1749189520696,"2025-06-06 13:58:40",1,"1","170","AA","65535","FFFF","4294967295","FFFFFFFF","-1","FF","-1","FFFF","-1","FFFFFFFF","0.00","28","11 11 11 11 11 11","NAN"
1749189521695,"2025-06-06 13:58:41",1,"1","170","AA","65535","FFFF","4294967295","FFFFFFFF","-1","FF","-1","FFFF","-1","FFFFFFFF","0.00","28","11 11 11 11 11 11","NAN"
1749189522682,"2025-06-06 13:58:42",1,"1","170","AA","65535","FFFF","4294967295","FFFFFFFF","-1","FF","-1","FFFF","-1","FFFFFFFF","0.00","28","11 11 11 11 11 11","NAN"
1749189523681,"2025-06-06 13:58:43",1,"1","170","AA","65535","FFFF","4294967295","FFFFFFFF","-1","FF","-1","FFFF","-1","FFFFFFFF","0.00","28","11 11 11 11 11 11","NAN"
1749189524692,"2025-06-06 13:58:44",1,"1","170","AA","65535","FFFF","4294967295","FFFFFFFF","-1","FF","-1","FFFF","-1","FFFFFFFF","0.00","28","11 11 11 11 11 11","NAN"
1749189525696,"2025-06-06 13:58:45",1,"1","170","AA","65535","FFFF","4294967295","FFFFFFFF","-1","FF","-1","FFFF","-1","FFFFFFFF","0.00","28","11 11 11 11 11 11","NAN"
1749189526693,"2025-06-06 13:58:46",1,"1","170","AA","65535","FFFF","4294967295","FFFFFFFF","-1","FF","-1","FFFF","-1","FFFFFFFF","0.00","28","11 11 11 11 11 11","NAN"
1749189527693,"2025-06-06 13:58:47",1,"1","170","AA","65535","FFFF","4294967295","FFFFFFFF","-1","FF","-1","FFFF","-1","FFFFFFFF","0.00","28","11 11 11 11 11 11","NAN"
1749189528693,"2025-06-06 13:58:48",1,"1","170","AA","65535","FFFF","4294967295","FFFFFFFF","-1","FF","-1","FFFF","-1","FFFFFFFF","0.00","28","11 11 11 11 11 11","NAN"
1749189529682,"2025-06-06 13:58:49",1,"1","170","AA","65535","FFFF","4294967295","FFFFFFFF","-1","FF","-1","FFFF","-1","FFFFFFFF","0.00","28","11 11 11 11 11 11","NAN"
1749189530682,"2025-06-06 13:58:50",1,"1","170","AA","65535","FFFF","4294967295","FFFFFFFF","-1","FF","-1","FFFF","-1","FFFFFFFF","0.00","28","11 11 11 11 11 11","NAN"
1749189531682,"2025-06-06 13:58:51",1,"1","170","AA","65535","FFFF","4294967295","FFFFFFFF","-1","FF","-1","FFFF","-1","FFFFFFFF","0.00","28","11 11 11 11 11 11","NAN"
1749189532682,"2025-06-06 13:58:52",1,"1","170","AA","65535","FFFF","4294967295","FFFFFFFF","-1","FF","-1","FFFF","-1","FFFFFFFF","0.00","28","11 11 11 11 11 11","NAN"
1749189533682,"2025-06-06 13:58:53",1,"1","170","AA","65535","FFFF","4294967295","FFFFFFFF","-1","FF","-1","FFFF","-1","FFFFFFFF","0.00","28","11 11 11 11 11 11","NAN"
1749189534682,"2025-06-06 13:58:54",1,"1","170","AA","65535","FFFF","4294967295","FFFFFFFF","-1","FF","-1","FFFF","-1","FFFFFFFF","0.00","28","11 11 11 11 11 11","NAN"
1749189535682,"2025-06-06 13:58:55",1,"1","170","AA","65535","FFFF","4294967295","FFFFFFFF","-1","FF","-1","FFFF","-1","FFFFFFFF","0.00","28","11 11 11 11 11 11","NAN"
1749189536694,"2025-06-06 13:58:56",1,"1","170","AA","65535","FFFF","4294967295","FFFFFFFF","-1","FF","-1","FFFF","-1","FFFFFFFF","0.00","28","11 11 11 11 11 11","NAN"
1749189537685,"2025-06-06 13:58:57",1,"1","170","AA","65535","FFFF","4294967295","FFFFFFFF","-1","FF","-1","FFFF","-1","FFFFFFFF","0.00","28","11 11 11 11 11 11","NAN"
1749189538682,"2025-06-06 13:58:58",1,"1","170","AA","65535","FFFF","4294967295","FFFFFFFF","-1","FF","-1","FFFF","-1","FFFFFFFF","0.00","28","11 11 11 11 11 11","NAN"
1749189539682,"2025-06-06 13:58:59",1,"1","170","AA","65535","FFFF","4294967295","FFFFFFFF","-1","FF","-1","FFFF","-1","FFFFFFFF","0.00","28","11 11 11 11 11 11","NAN"
1749189540683,"2025-06-06 13:59:00",1,"1","170","AA","65535","FFFF","4294967295","FFFFFFFF","-1","FF","-1","FFFF","-1","FFFFFFFF","0.00","28","11 11 11 11 11 11","NAN"
1749189542556,"2025-06-06 13:59:02",1,"1","170","AA","65535","FFFF","4294967295","FFFFFFFF","-1","FF","-1","FFFF","-1","FFFFFFFF","0.00","28","11 11 11 11 11 11","NAN"
1749189543552,"2025-06-06 13:59:03",1,"1","170","AA","65535","FFFF","4294967295","FFFFFFFF","-1","FF","-1","FFFF","-1","FFFFFFFF","0.00","28","11 11 11 11 11 11","NAN"
1749189544551,"2025-06-06 13:59:04",1,"1","170","AA","65535","FFFF","4294967295","FFFFFFFF","-1","FF","-1","FFFF","-1","FFFFFFFF","0.00","28","11 11 11 11 11 11","NAN"
1749189545549,"2025-06-06 13:59:05",1,"1","170","AA","65535","FFFF","4294967295","FFFFFFFF","-1","FF","-1","FFFF","-1","FFFFFFFF","0.00","28","11 11 11 11 11 11","NAN"
1749189546557,"2025-06-06 13:59:06",1,"1","170","AA","65535","FFFF","4294967295","FFFFFFFF","-1","FF","-1","FFFF","-1","FFFFFFFF","0.00","28","11 11 11 11 11 11","NAN"
1749189547554,"2025-06-06 13:59:07",1,"1","170","AA","65535","FFFF","4294967295","FFFFFFFF","-1","FF","-1","FFFF","-1","FFFFFFFF","0.00","28","11 11 11 11 11 11","NAN"
1749189548551,"2025-06-06 13:59:08",1,"1","170","AA","65535","FFFF","4294967295","FFFFFFFF","-1","FF","-1","FFFF","-1","FFFFFFFF","0.00","28","11 11 11 11 11 11","NAN"
1749189549545,"2025-06-06 13:59:09",1,"1","170","AA","65535","FFFF","4294967295","FFFFFFFF","-1","FF","-1","FFFF","-1","FFFFFFFF","0.00","28","11 11 11 11 11 11","NAN"
1749189550557,"2025-06-06 13:59:10",1,"1","170","AA","65535","FFFF","4294967295","FFFFFFFF","-1","FF","-1","FFFF","-1","FFFFFFFF","0.00","28","11 11 11 11 11 11","NAN"
1749189551553,"2025-06-06 13:59:11",1,"1","170","AA","65535","FFFF","4294967295","FFFFFFFF","-1","FF","-1","FFFF","-1","FFFFFFFF","0.00","28","11 11 11 11 11 11","NAN"
1749189552552,"2025-06-06 13:59:12",1,"1","170","AA","65535","FFFF","4294967295","FFFFFFFF","-1","FF","-1","FFFF","-1","FFFFFFFF","0.00","28","11 11 11 11 11 11","NAN"
1749189553553,"2025-06-06 13:59:13",1,"1","170","AA","65535","FFFF","4294967295","FFFFFFFF","-1","FF","-1","FFFF","-1","FFFFFFFF","0.00","28","11 11 11 11 11 11","NAN"
1749189554550,"2025-06-06 13:59:14",1,"1","170","AA","65535","FFFF","4294967295","FFFFFFFF","-1","FF","-1","FFFF","-1","FFFFFFFF","0.00","28","11 11 11 11 11 11","NAN"
1749189555554,"2025-06-06 13:59:15",1,"1","170","AA","65535","FFFF","4294967295","FFFFFFFF","-1","FF","-1","FFFF","-1","FFFFFFFF","0.00","28","11 11 11 11 11 11","NAN"
1749189556549,"2025-06-06 13:59:16",1,"1","170","AA","65535","FFFF","4294967295","FFFFFFFF","-1","FF","-1","FFFF","-1","FFFFFFFF","0.00","28","11 11 11 11 11 11","NAN"
1749189557556,"2025-06-06 13:59:17",1,"1","170","AA","65535","FFFF","4294967295","FFFFFFFF","-1","FF","-1","FFFF","-1","FFFFFFFF","0.00","28","11 11 11 11 11 11","NAN"
1749189558554,"2025-06-06 13:59:18",1,"1","170","AA","65535","FFFF","4294967295","FFFFFFFF","-1","FF","-1","FFFF","-1","FFFFFFFF","0.00","28","11 11 11 11 11 11","NAN"
1749189559553,"2025-06-06 13:59:19",1,"1","170","AA","65535","FFFF","4294967295","FFFFFFFF","-1","FF","-1","FFFF","-1","FFFFFFFF","0.00","28","11 11 11 11 11 11","NAN"
1749189560556,"2025-06-06 13:59:20",1,"1","170","AA","65535","FFFF","4294967295","FFFFFFFF","-1","FF","-1","FFFF","-1","FFFFFFFF","0.00","28","11 11 11 11 11 11","NAN"
1749189561543,"2025-06-06 13:59:21",1,"1","170","AA","65535","FFFF","4294967295","FFFFFFFF","-1","FF","-1","FFFF","-1","FFFFFFFF","0.00","28","11 11 11 11 11 11","NAN"
1749189562543,"2025-06-06 13:59:22",1,"1","170","AA","65535","FFFF","4294967295","FFFFFFFF","-1","FF","-1","FFFF","-1","FFFFFFFF","0.00","28","11 11 11 11 11 11","NAN"
1749189563552,"2025-06-06 13:59:23",1,"1","170","AA","65535","FFFF","4294967295","FFFFFFFF","-1","FF","-1","FFFF","-1","FFFFFFFF","0.00","28","11 11 11 11 11 11","NAN"
1749189564543,"2025-06-06 13:59:24",1,"1","170","AA","65535","FFFF","4294967295","FFFFFFFF","-1","FF","-1","FFFF","-1","FFFFFFFF","0.00","28","11 11 11 11 11 11","NAN"
1749189565552,"2025-06-06 13:59:25",1,"1","170","AA","65535","FFFF","4294967295","FFFFFFFF","-1","FF","-1","FFFF","-1","FFFFFFFF","0.00","28","11 11 11 11 11 11","NAN"
1749189566548,"2025-06-06 13:59:26",1,"1","170","AA","65535","FFFF","4294967295","FFFFFFFF","-1","FF","-1","FFFF","-1","FFFFFFFF","0.00","28","11 11 11 11 11 11","NAN"
1749189567556,"2025-06-06 13:59:27",1,"1","170","AA","65535","FFFF","4294967295","FFFFFFFF","-1","FF","-1","FFFF","-1","FFFFFFFF","0.00","28","11 11 11 11 11 11","NAN"
1749189568543,"2025-06-06 13:59:28",1,"1","170","AA","65535","FFFF","4294967295","FFFFFFFF","-1","FF","-1","FFFF","-1","FFFFFFFF","0.00","28","11 11 11 11 11 11","NAN"
1749189569554,"2025-06-06 13:59:29",1,"1","170","AA","65535","FFFF","4294967295","FFFFFFFF","-1","FF","-1","FFFF","-1","FFFFFFFF","0.00","28","11 11 11 11 11 11","NAN"
1749189570556,"2025-06-06 13:59:30",1,"1","170","AA","65535","FFFF","4294967295","FFFFFFFF","-1","FF","-1","FFFF","-1","FFFFFFFF","0.00","28","11 11 11 11 11 11","NAN"
1749189571554,"2025-06-06 13:59:31",1,"1","170","AA","65535","FFFF","4294967295","FFFFFFFF","-1","FF","-1","FFFF","-1","FFFFFFFF","0.00","28","11 11 11 11 11 11","NAN"
1749189572552,"2025-06-06 13:59:32",1,"1","170","AA","65535","FFFF","4294967295","FFFFFFFF","-1","FF","-1","FFFF","-1","FFFFFFFF","0.00","28","11 11 11 11 11 11","NAN"
1749189573556,"2025-06-06 13:59:33",1,"1","170","AA","65535","FFFF","4294967295","FFFFFFFF","-1","FF","-1","FFFF","-1","FFFFFFFF","0.00","28","11 11 11 11 11 11","NAN"
1749189574552,"2025-06-06 13:59:34",1,"1","170","AA","65535","FFFF","4294967295","FFFFFFFF","-1","FF","-1","FFFF","-1","FFFFFFFF","0.00","28","11 11 11 11 11 11","NAN"
1749189575554,"2025-06-06 13:59:35",1,"1","170","AA","65535","FFFF","4294967295","FFFFFFFF","-1","FF","-1","FFFF","-1","FFFFFFFF","0.00","28","11 11 11 11 11 11","NAN"
1749189576550,"2025-06-06 13:59:36",1,"1","170","AA","65535","FFFF","4294967295","FFFFFFFF","-1","FF","-1","FFFF","-1","FFFFFFFF","0.00","28","11 11 11 11 11 11","NAN"
1749189577556,"2025-06-06 13:59:37",1,"1","170","AA","65535","FFFF","4294967295","FFFFFFFF","-1","FF","-1","FFFF","-1","FFFFFFFF","0.00","28","11 11 11 11 11 11","NAN"
1749189578552,"2025-06-06 13:59:38",1,"1","170","AA","65535","FFFF","4294967295","FFFFFFFF","-1","FF","-1","FFFF","-1","FFFFFFFF","0.00","28","11 11 11 11 11 11","NAN"
1749189579542,"2025-06-06 13:59:39",1,"1","170","AA","65535","FFFF","4294967295","FFFFFFFF","-1","FF","-1","FFFF","-1","FFFFFFFF","0.00","28","11 11 11 11 11 11","NAN"
1749189580554,"2025-06-06 13:59:40",1,"1","170","AA","65535","FFFF","4294967295","FFFFFFFF","-1","FF","-1","FFFF","-1","FFFFFFFF","0.00","28","11 11 11 11 11 11","NAN"
1749189581544,"2025-06-06 13:59:41",1,"1","170","AA","65535","FFFF","4294967295","FFFFFFFF","-1","FF","-1","FFFF","-1","FFFFFFFF","0.00","28","11 11 11 11 11 11","NAN"
1749189582555,"2025-06-06 13:59:42",1,"1","170","AA","65535","FFFF","4294967295","FFFFFFFF","-1","FF","-1","FFFF","-1","FFFFFFFF","0.00","28","11 11 11 11 11 11","NAN"
1749189583555,"2025-06-06 13:59:43",1,"1","170","AA","65535","FFFF","4294967295","FFFFFFFF","-1","FF","-1","FFFF","-1","FFFFFFFF","0.00","28","11 11 11 11 11 11","NAN"
1749189584553,"2025-06-06 13:59:44",1,"1","170","AA","65535","FFFF","4294967295","FFFFFFFF","-1","FF","-1","FFFF","-1","FFFFFFFF","0.00","28","11 11 11 11 11 11","NAN"
1749189585551,"2025-06-06 13:59:45",1,"1","170","AA","65535","FFFF","4294967295","FFFFFFFF","-1","FF","-1","FFFF","-1","FFFFFFFF","0.00","28","11 11 11 11 11 11","NAN"
1749189586549,"2025-06-06 13:59:46",1,"1","170","AA","65535","FFFF","4294967295","FFFFFFFF","-1","FF","-1","FFFF","-1","FFFFFFFF","0.00","28","11 11 11 11 11 11","NAN"
1749189587548,"2025-06-06 13:59:47",1,"1","170","AA","65535","FFFF","4294967295","FFFFFFFF","-1","FF","-1","FFFF","-1","FFFFFFFF","0.00","28","11 11 11 11 11 11","NAN"
1749189588549,"2025-06-06 13:59:48",1,"1","170","AA","65535","FFFF","4294967295","FFFFFFFF","-1","FF","-1","FFFF","-1","FFFFFFFF","0.00","28","11 11 11 11 11 11","NAN"
1749189589551,"2025-06-06 13:59:49",1,"1","170","AA","65535","FFFF","4294967295","FFFFFFFF","-1","FF","-1","FFFF","-1","FFFFFFFF","0.00","28","11 11 11 11 11 11","NAN"
1749189590551,"2025-06-06 13:59:50",1,"1","170","AA","65535","FFFF","4294967295","FFFFFFFF","-1","FF","-1","FFFF","-1","FFFFFFFF","0.00","28","11 11 11 11 11 11","NAN"
1749189591554,"2025-06-06 13:59:51",1,"1","170","AA","65535","FFFF","4294967295","FFFFFFFF","-1","FF","-1","FFFF","-1","FFFFFFFF","0.00","28","11 11 11 11 11 11","NAN"
1749189592554,"2025-06-06 13:59:52",1,"1","170","AA","65535","FFFF","4294967295","FFFFFFFF","-1","FF","-1","FFFF","-1","FFFFFFFF","0.00","28","11 11 11 11 11 11","NAN"
1749189593553,"2025-06-06 13:59:53",1,"1","170","AA","65535","FFFF","4294967295","FFFFFFFF","-1","FF","-1","FFFF","-1","FFFFFFFF","0.00","28","11 11 11 11 11 11","NAN"
1749189594549,"2025-06-06 13:59:54",1,"1","170","AA","65535","FFFF","4294967295","FFFFFFFF","-1","FF","-1","FFFF","-1","FFFFFFFF","0.00","28","11 11 11 11 11 11","NAN"
1749189595546,"2025-06-06 13:59:55",1,"1","170","AA","65535","FFFF","4294967295","FFFFFFFF","-1","FF","-1","FFFF","-1","FFFFFFFF","0.00","28","11 11 11 11 11 11","NAN"
1749189596545,"2025-06-06 13:59:56",1,"1","170","AA","65535","FFFF","4294967295","FFFFFFFF","-1","FF","-1","FFFF","-1","FFFFFFFF","0.00","28","11 11 11 11 11 11","NAN"
1749189597553,"2025-06-06 13:59:57",1,"1","170","AA","65535","FFFF","4294967295","FFFFFFFF","-1","FF","-1","FFFF","-1","FFFFFFFF","0.00","28","11 11 11 11 11 11","NAN"
1749189598547,"2025-06-06 13:59:58",1,"1","170","AA","65535","FFFF","4294967295","FFFFFFFF","-1","FF","-1","FFFF","-1","FFFFFFFF","0.00","28","11 11 11 11 11 11","NAN"
1749189599545,"2025-06-06 13:59:59",1,"1","170","AA","65535","FFFF","4294967295","FFFFFFFF","-1","FF","-1","FFFF","-1","FFFFFFFF","0.00","28","11 11 11 11 11 11","NAN"
